image,label
1.jpg,editada
2.jpg,real
3.jpg,real
6.jpg,editada
8.jpg,real
9.jpg,editada
10.jpg,editada
11.jpg,editada
12.jpg,real
13.jpg,editada
14.jpg,real
15.jpg,editada
16.jpg,real
17.jpg,real
18.jpg,editada
19.jpg,editada
20.jpg,editada
22.jpg,editada
23.jpg,real
25.jpg,real
26.jpg,real
27.jpg,real
28.jpg,real
29.jpg,real
30.jpg,editada
31.jpg,real
34.jpg,real
35.jpg,real
36.jpg,editada
37.jpg,editada
38.jpg,real
40.jpg,editada
41.jpg,real
43.jpg,editada
44.jpg,editada
45.jpg,real
47.jpg,real
50.jpg,real
51.jpg,real
52.jpg,editada
53.jpg,editada
54.jpg,real
55.jpg,editada
56.jpg,real
57.jpg,editada
58.jpg,real
59.jpg,editada
60.jpg,real
61.jpg,editada
63.jpg,editada
64.jpg,real
66.jpg,real
68.jpg,editada
69.jpg,real
70.jpg,real
71.jpg,real
74.jpg,editada
75.jpg,real
76.jpg,real
77.jpg,real
78.jpg,real
79.jpg,editada
80.jpg,editada
81.jpg,editada
83.jpg,editada
84.jpg,real
85.jpg,editada
86.jpg,real
87.jpg,real
88.jpg,editada
89.jpg,real
90.jpg,editada
92.jpg,real
93.jpg,real
96.jpg,real
97.jpg,editada
99.jpg,real
100.jpg,editada
101.jpg,editada
103.jpg,real
104.jpg,editada
105.jpg,real
106.jpg,real
107.jpg,editada
110.jpg,editada
112.jpg,editada
113.jpg,real
114.jpg,real
115.jpg,editada
116.jpg,editada
117.jpg,real
118.jpg,real
119.jpg,real
120.jpg,real
123.jpg,editada
124.jpg,editada
125.jpg,real
128.jpg,editada
129.jpg,editada
131.jpg,real
132.jpg,real
136.jpg,editada
138.jpg,editada
140.jpg,real
141.jpg,editada
142.jpg,real
144.jpg,editada
145.jpg,real
146.jpg,editada
147.jpg,editada
148.jpg,real
149.jpg,real
150.jpg,real
151.jpg,editada
154.jpg,editada
155.jpg,editada
156.jpg,editada
157.jpg,real
158.jpg,real
160.jpg,editada
161.jpg,real
162.jpg,editada
163.jpg,editada
164.jpg,editada
165.jpg,editada
166.jpg,real
167.jpg,editada
169.jpg,editada
170.jpg,editada
171.jpg,editada
172.jpg,real
174.jpg,real
176.jpg,real
177.jpg,real
178.jpg,editada
179.jpg,editada
180.jpg,editada
181.jpg,real
182.jpg,editada
183.jpg,editada
184.jpg,real
185.jpg,real
186.jpg,real
187.jpg,real
189.jpg,real
190.jpg,editada
191.jpg,editada
192.jpg,real
193.jpg,editada
194.jpg,real
195.jpg,editada
196.jpg,real
197.jpg,real
198.jpg,real
199.jpg,real
200.jpg,editada
201.jpg,real
202.jpg,real
203.jpg,editada
205.jpg,editada
206.jpg,real
207.jpg,real
208.jpg,real
209.jpg,editada
211.jpg,editada
212.jpg,editada
213.jpg,editada
214.jpg,real
215.jpg,real
217.jpg,real
218.jpg,editada
219.jpg,real
220.jpg,real
221.jpg,real
222.jpg,real
223.jpg,real
224.jpg,real
225.jpg,editada
226.jpg,editada
227.jpg,editada
229.jpg,editada
230.jpg,real
231.jpg,editada
232.jpg,real
233.jpg,real
236.jpg,real
237.jpg,editada
240.jpg,editada
241.jpg,editada
242.jpg,real
244.jpg,real
245.jpg,real
246.jpg,real
247.jpg,real
248.jpg,editada
249.jpg,editada
250.jpg,editada
251.jpg,real
252.jpg,editada
253.jpg,editada
254.jpg,real
255.jpg,real
256.jpg,editada
258.jpg,real
259.jpg,real
260.jpg,real
261.jpg,real
262.jpg,editada
263.jpg,real
265.jpg,real
266.jpg,editada
267.jpg,editada
268.jpg,real
269.jpg,real
270.jpg,editada
271.jpg,editada
272.jpg,real
273.jpg,real
275.jpg,real
276.jpg,real
277.jpg,real
278.jpg,editada
279.jpg,editada
280.jpg,real
281.jpg,real
282.jpg,real
283.jpg,real
284.jpg,editada
286.jpg,editada
287.jpg,editada
288.jpg,editada
289.jpg,editada
290.jpg,real
292.jpg,real
293.jpg,editada
294.jpg,real
295.jpg,real
296.jpg,editada
300.jpg,editada
301.jpg,real
302.jpg,editada
303.jpg,real
305.jpg,real
306.jpg,editada
307.jpg,real
308.jpg,editada
309.jpg,editada
311.jpg,editada
312.jpg,real
313.jpg,real
314.jpg,real
315.jpg,editada
318.jpg,real
319.jpg,editada
322.jpg,real
323.jpg,real
325.jpg,real
327.jpg,real
328.jpg,real
329.jpg,real
330.jpg,editada
331.jpg,real
333.jpg,editada
334.jpg,editada
337.jpg,real
339.jpg,editada
340.jpg,editada
341.jpg,real
342.jpg,editada
343.jpg,real
344.jpg,editada
345.jpg,real
346.jpg,real
347.jpg,editada
348.jpg,real
349.jpg,real
351.jpg,editada
352.jpg,editada
354.jpg,real
355.jpg,real
356.jpg,real
357.jpg,real
358.jpg,editada
359.jpg,editada
361.jpg,real
362.jpg,real
363.jpg,editada
364.jpg,real
365.jpg,real
366.jpg,real
367.jpg,real
369.jpg,editada
370.jpg,real
371.jpg,editada
372.jpg,editada
373.jpg,real
374.jpg,real
375.jpg,real
376.jpg,real
377.jpg,editada
378.jpg,editada
380.jpg,real
381.jpg,real
382.jpg,real
383.jpg,editada
384.jpg,editada
386.jpg,real
388.jpg,real
389.jpg,editada
390.jpg,real
391.jpg,real
392.jpg,real
393.jpg,real
395.jpg,editada
396.jpg,editada
397.jpg,real
399.jpg,real
400.jpg,real
401.jpg,real
403.jpg,real
404.jpg,editada
405.jpg,real
406.jpg,editada
407.jpg,real
408.jpg,real
409.jpg,real
410.jpg,real
411.jpg,real
412.jpg,editada
413.jpg,real
414.jpg,editada
415.jpg,editada
416.jpg,real
417.jpg,editada
419.jpg,editada
420.jpg,real
421.jpg,real
422.jpg,real
423.jpg,editada
424.jpg,editada
425.jpg,real
427.jpg,real
428.jpg,real
429.jpg,real
430.jpg,real
431.jpg,real
434.jpg,editada
436.jpg,real
437.jpg,real
438.jpg,real
439.jpg,editada
441.jpg,editada
442.jpg,real
443.jpg,real
444.jpg,real
445.jpg,editada
446.jpg,real
447.jpg,real
448.jpg,editada
449.jpg,real
450.jpg,editada
451.jpg,editada
452.jpg,real
453.jpg,editada
456.jpg,real
459.jpg,editada
460.jpg,editada
461.jpg,editada
462.jpg,real
463.jpg,real
464.jpg,real
465.jpg,real
467.jpg,real
468.jpg,editada
470.jpg,editada
471.jpg,real
472.jpg,editada
474.jpg,real
476.jpg,real
478.jpg,editada
479.jpg,editada
482.jpg,editada
483.jpg,real
484.jpg,real
486.jpg,real
487.jpg,editada
488.jpg,real
489.jpg,editada
491.jpg,real
492.jpg,real
493.jpg,real
495.jpg,real
496.jpg,editada
497.jpg,real
498.jpg,real
499.jpg,real
500.jpg,real
501.jpg,editada
502.jpg,real
503.jpg,real
504.jpg,editada
506.jpg,editada
507.jpg,editada
508.jpg,editada
509.jpg,real
510.jpg,editada
511.jpg,editada
512.jpg,real
513.jpg,editada
514.jpg,editada
516.jpg,editada
517.jpg,real
518.jpg,editada
519.jpg,real
521.jpg,real
522.jpg,real
524.jpg,real
525.jpg,real
527.jpg,editada
528.jpg,real
529.jpg,real
530.jpg,real
531.jpg,editada
534.jpg,real
535.jpg,editada
536.jpg,real
538.jpg,editada
539.jpg,editada
540.jpg,real
541.jpg,real
542.jpg,editada
543.jpg,real
547.jpg,real
548.jpg,real
549.jpg,editada
550.jpg,editada
551.jpg,real
552.jpg,real
553.jpg,real
556.jpg,editada
557.jpg,real
558.jpg,editada
560.jpg,real
561.jpg,editada
562.jpg,real
563.jpg,editada
564.jpg,editada
565.jpg,real
567.jpg,editada
568.jpg,real
569.jpg,real
570.jpg,real
571.jpg,real
572.jpg,real
573.jpg,real
574.jpg,real
575.jpg,real
577.jpg,editada
578.jpg,editada
579.jpg,real
580.jpg,real
581.jpg,editada
582.jpg,real
583.jpg,editada
584.jpg,editada
585.jpg,real
586.jpg,editada
587.jpg,real
588.jpg,real
589.jpg,real
590.jpg,editada
591.jpg,editada
592.jpg,real
593.jpg,editada
594.jpg,editada
595.jpg,editada
597.jpg,editada
598.jpg,editada
599.jpg,editada
600.jpg,real
601.jpg,real
603.jpg,editada
604.jpg,editada
605.jpg,real
606.jpg,real
607.jpg,real
608.jpg,real
609.jpg,editada
610.jpg,editada
611.jpg,editada
612.jpg,real
614.jpg,editada
615.jpg,editada
616.jpg,editada
617.jpg,real
618.jpg,editada
619.jpg,editada
621.jpg,real
622.jpg,editada
623.jpg,real
624.jpg,real
625.jpg,editada
626.jpg,real
627.jpg,real
628.jpg,editada
629.jpg,editada
630.jpg,real
632.jpg,real
635.jpg,editada
636.jpg,editada
637.jpg,real
638.jpg,real
639.jpg,editada
640.jpg,real
641.jpg,real
643.jpg,editada
644.jpg,editada
645.jpg,real
646.jpg,real
647.jpg,editada
649.jpg,editada
650.jpg,editada
651.jpg,real
652.jpg,real
653.jpg,real
654.jpg,real
655.jpg,real
656.jpg,editada
659.jpg,editada
661.jpg,real
662.jpg,editada
663.jpg,editada
666.jpg,editada
667.jpg,real
668.jpg,real
669.jpg,editada
671.jpg,editada
672.jpg,editada
674.jpg,editada
675.jpg,real
676.jpg,editada
677.jpg,editada
678.jpg,editada
679.jpg,editada
680.jpg,editada
681.jpg,real
682.jpg,editada
683.jpg,real
684.jpg,editada
685.jpg,real
686.jpg,editada
687.jpg,editada
688.jpg,editada
690.jpg,editada
691.jpg,real
692.jpg,real
693.jpg,real
694.jpg,editada
695.jpg,real
697.jpg,editada
698.jpg,editada
699.jpg,real
700.jpg,real
701.jpg,real
702.jpg,real
703.jpg,real
704.jpg,real
705.jpg,real
706.jpg,editada
708.jpg,editada
709.jpg,editada
710.jpg,editada
711.jpg,real
712.jpg,real
713.jpg,real
714.jpg,editada
716.jpg,real
717.jpg,real
718.jpg,editada
720.jpg,editada
721.jpg,editada
722.jpg,editada
723.jpg,editada
724.jpg,editada
725.jpg,editada
726.jpg,real
728.jpg,real
729.jpg,real
730.jpg,editada
732.jpg,real
733.jpg,editada
734.jpg,real
735.jpg,real
737.jpg,editada
738.jpg,real
739.jpg,real
740.jpg,editada
741.jpg,editada
743.jpg,real
745.jpg,real
746.jpg,real
747.jpg,editada
750.jpg,editada
751.jpg,real
752.jpg,real
753.jpg,real
755.jpg,real
756.jpg,editada
757.jpg,editada
758.jpg,real
759.jpg,editada
760.jpg,editada
761.jpg,real
762.jpg,real
764.jpg,real
765.jpg,real
766.jpg,real
771.jpg,real
772.jpg,editada
773.jpg,real
774.jpg,real
775.jpg,editada
776.jpg,real
777.jpg,real
778.jpg,real
779.jpg,real
780.jpg,real
781.jpg,editada
782.jpg,real
783.jpg,editada
784.jpg,editada
787.jpg,editada
788.jpg,real
789.jpg,real
790.jpg,editada
791.jpg,editada
793.jpg,real
794.jpg,real
795.jpg,real
796.jpg,real
797.jpg,real
798.jpg,real
800.jpg,real
803.jpg,real
804.jpg,editada
805.jpg,real
806.jpg,editada
807.jpg,real
809.jpg,real
810.jpg,real
812.jpg,editada
813.jpg,real
814.jpg,editada
815.jpg,real
816.jpg,editada
817.jpg,real
818.jpg,real
819.jpg,real
820.jpg,editada
821.jpg,real
822.jpg,real
823.jpg,editada
826.jpg,editada
828.jpg,real
830.jpg,real
831.jpg,real
832.jpg,editada
833.jpg,real
834.jpg,real
835.jpg,real
836.jpg,real
837.jpg,real
838.jpg,real
839.jpg,real
841.jpg,real
843.jpg,editada
844.jpg,real
845.jpg,editada
846.jpg,real
847.jpg,editada
848.jpg,real
849.jpg,editada
850.jpg,real
852.jpg,editada
855.jpg,real
856.jpg,real
857.jpg,real
858.jpg,real
859.jpg,real
861.jpg,real
862.jpg,real
863.jpg,editada
864.jpg,editada
865.jpg,editada
866.jpg,real
867.jpg,real
868.jpg,real
869.jpg,real
870.jpg,real
871.jpg,real
872.jpg,editada
874.jpg,real
876.jpg,editada
877.jpg,editada
878.jpg,editada
879.jpg,real
880.jpg,real
882.jpg,editada
883.jpg,editada
885.jpg,real
886.jpg,editada
887.jpg,real
888.jpg,editada
891.jpg,editada
892.jpg,editada
893.jpg,editada
894.jpg,real
895.jpg,editada
898.jpg,editada
900.jpg,real
